Metric,Pre-COVID,COVID Remote,Post-COVID / Pre-LLM,Post-LLM,COVID - Pre-COVID,Post-LLM - Post-COVID / Pre-LLM,Post-LLM - Pre-COVID
CAPES Study Hours,5.627499662891046,5.985287867078825,5.801655753040224,5.558722860791826,0.3577882041877789,-0.24293289224839842,-0.06877680209922055
RMP Difficulty,3.026625030816008,3.269781461944235,3.2381322957198444,3.1415590102912194,0.24315643112822682,-0.09657328542862498,0.11493397947521133
